{
	"format_version": "1.8.0",
	"animations": {
		"animation.frosty_ostrich.idle": {
			"loop": true,
			"animation_length": 3.25,
			"bones": {
				"bodybase": {
					"rotation": {
						"0.0": [0, 0, 0],
						"0.25": [0, 0, 0],
						"0.75": [0, -0.43523, 4.98107],
						"1.25": [0, -4.49544, -4.08102],
						"1.5": [0, 0, 0],
						"1.75": [2.47864, 0.32621, -7.49294],
						"2.25": [2.4905, -0.21782, 4.99527],
						"3.25": [0, 0, 0]
					},
					"position": {
						"0.0": [0, 0, 0],
						"1.5": [0, 0, 0]
					}
				},
				"neck": {
					"rotation": {
						"0.0": [0, 0, 0],
						"0.25": [0, 0, 0],
						"0.75": [2.5, 0, 0],
						"1.25": [0, 0, 0],
						"1.5": [0, 0, 0],
						"1.75": [2.5, 0, 0],
						"2.25": [6.25, 0, 0],
						"2.75": [1.25, 0, 0],
						"3.25": [0, 0, 0]
					},
					"position": {
						"0.0": [0, 0, 0],
						"1.5": [0, 0, 0]
					}
				},
				"head": {
					"rotation": {
						"0.0": [0, 0, 0],
						"0.25": [0, 0, 0],
						"0.75": [5, 0, 0],
						"1.25": [0, 0, 0],
						"1.5": [0, 0, 0],
						"1.75": [2.5, 0, 0],
						"2.25": [5, 0, 0],
						"2.75": [2.5, 0, 0],
						"3.25": [0, 0, 0]
					},
					"position": {
						"0.0": [0, 0, 0],
						"0.5": [0, 0, 1],
						"1.5": [0, 0, 0],
						"2.0417": [0, -1, 0],
						"3.0833": [0, 0, 0]
					}
				}
			}
		},
		"animation.frosty_ostrich.sitting2": {
			"loop": "hold_on_last_frame",
			"animation_length": 0.625,
			"bones": {
				"rightlegbotttom": {
					"rotation": {
						"0.0": [0, 0, 0],
						"0.0833": [25, 0, 0],
						"0.2083": [40, 0, 0],
						"0.25": [65, 0, 0],
						"0.2917": [65, 0, 0],
						"0.3333": [90, 0, 0]
					},
					"position": {
						"0.0": [0, 0, 0],
						"0.0833": [0, 0.35, -1.9],
						"0.2083": [0, -1.65, -1.9],
						"0.25": [0, -1.65, -3.15],
						"0.2917": [0, -1.65, -3.15],
						"0.3333": [0, -6.65, -6.15],
						"0.375": [0, -11.65, -6.15],
						"0.5": [0, -11.65, -6.15]
					}
				},
				"leftlegbottom": {
					"rotation": {
						"0.0": [0, 0, 0],
						"0.0833": [-25, 0, 0],
						"0.125": [25, 0, 0],
						"0.1667": [65, 0, 0],
						"0.25": [90, 0, 0]
					},
					"position": {
						"0.0": [0, 0, 0],
						"0.0833": [0, 0, -4.2],
						"0.125": [0, 1.65, -4.12],
						"0.1667": [0, 0.8, -6.05],
						"0.25": [0, -1.2, -6.05],
						"0.2917": [0, -4.2, -6.05],
						"0.3333": [0, -6.2, -6.05],
						"0.375": [0, -11.2, -6.05],
						"0.5": [0, -11.2, -6.05]
					}
				},
				"rightlegtop": {
					"rotation": {
						"0.0": [0, 0, 0],
						"0.0833": [-10, 0, 0],
						"0.2083": [-10, 0, 0],
						"0.25": [-90, 0, 0]
					},
					"position": {
						"0.0": [0, 0, 0],
						"0.2083": [0, -2.4, 0],
						"0.25": [0, -7.4, 0],
						"0.2917": [0, -12.4, 0],
						"0.375": [0, -18.4, 0]
					}
				},
				"leftlegtop": {
					"rotation": {
						"0.0": [0, 0, 0],
						"0.0833": [-25, 0, 0],
						"0.1667": [-25, 0, 0],
						"0.2083": [-90, 0, 0]
					},
					"position": {
						"0.0": [0, 0, 0],
						"0.1667": [0, 0, 0],
						"0.2083": [0, -5, 0],
						"0.2917": [0, -10, 0],
						"0.375": [0, -18, 0]
					}
				},
				"bodybase": {
					"position": {
						"0.0": [0, 0, 0],
						"0.0833": [0, -4, 0],
						"0.125": [0, -5, 0],
						"0.2083": [0, -8, 0],
						"0.25": [0, -11, 0],
						"0.2917": [0, -14, 0],
						"0.3333": [0, -16, 0],
						"0.375": [0, -22, 0],
						"0.5": [0, -22, 0]
					}
				},
				"neck": {
					"position": {
						"0.0": [0, 0, 0],
						"0.0833": [0, -4, 0],
						"0.125": [0, -5, 0],
						"0.2083": [0, -8, 0],
						"0.25": [0, -11, 0],
						"0.2917": [0, -14, 0],
						"0.3333": [0, -16, 0],
						"0.375": [0, -22, 0],
						"0.5": [0, -22, 0]
					}
				},
				"head": {
					"position": {
						"0.0": [0, 0, 0],
						"0.0833": [0, -4, 0],
						"0.125": [0, -5, 0],
						"0.2083": [0, -8, 0],
						"0.25": [0, -11, 0],
						"0.2917": [0, -14, 0],
						"0.3333": [0, -16, 0],
						"0.375": [0, -22, 0],
						"0.5": [0, -22, 0]
					}
				},
				"tailright": {
					"position": {
						"0.0": [0, 0, 0],
						"0.0833": [0, -4, 0],
						"0.125": [0, -5, 0],
						"0.2083": [0, -8, 0],
						"0.25": [0, -11, 0],
						"0.2917": [0, -14, 0],
						"0.3333": [0, -16, 0],
						"0.375": [0, -22, 0],
						"0.5": [0, -22, 0]
					}
				},
				"tailmid": {
					"position": {
						"0.0": [0, 0, 0],
						"0.0833": [0, -4, 0],
						"0.125": [0, -5, 0],
						"0.1667": [0, -6.5, 0],
						"0.2083": [0, -8, 0],
						"0.25": [0, -11, 0],
						"0.2917": [0, -14, 0],
						"0.3333": [0, -16, 0],
						"0.375": [0, -22, 0],
						"0.5": [0, -22, 0]
					}
				},
				"tailleft": {
					"position": {
						"0.0": [0, 0, 0],
						"0.0833": [0, -4, 0],
						"0.125": [0, -5, 0],
						"0.1667": [0, -6.5, 0],
						"0.2083": [0, -8, 0],
						"0.25": [0, -11, 0],
						"0.2917": [0, -14, 0],
						"0.3333": [0, -16, 0],
						"0.375": [0, -22, 0],
						"0.5": [0, -22, 0]
					}
				},
				"tailfarleft": {
					"position": {
						"0.0": [0, 0, 0],
						"0.0833": [0, -4, 0],
						"0.125": [0, -5, 0],
						"0.2083": [0, -8, 0],
						"0.25": [0, -11, 0],
						"0.2917": [0, -14, 0],
						"0.3333": [0, -16, 0],
						"0.375": [0, -22, 0],
						"0.5": [0, -22, 0]
					}
				},
				"tailfarright": {
					"position": {
						"0.0": [0, 0, 0],
						"0.0833": [0, -4, 0],
						"0.125": [0, -5, 0],
						"0.2083": [0, -8, 0],
						"0.25": [0, -11, 0],
						"0.2917": [0, -14, 0],
						"0.3333": [0, -16, 0],
						"0.375": [0, -22, 0],
						"0.5": [0, -22, 0]
					}
				},
				"tailmid2": {
					"position": {
						"0.0": [0, 0, 0],
						"0.0833": [0, -4, 0],
						"0.125": [0, -5, 0],
						"0.2083": [0, -8, 0],
						"0.25": [0, -11, 0],
						"0.2917": [0, -14, 0],
						"0.3333": [0, -16, 0],
						"0.375": [0, -22, 0],
						"0.5": [0, -22, 0]
					}
				}
			}
		},
		"animation.frosty_ostrich.sitting": {
			"loop": "hold_on_last_frame",
			"animation_length": 0.625,
			"bones": {
				"rightlegbotttom": {
					"rotation": [90, 0, 0],
					"position": [0, -11.65, -6.15]
				},
				"leftlegbottom": {
					"rotation": [90, 0, 0],
					"position": [0, -11.2, -6.05]
				},
				"rightlegtop": {
					"rotation": [-90, 0, 0],
					"position": [0, -18.4, 0]
				},
				"leftlegtop": {
					"rotation": [-90, 0, 0],
					"position": [0, -18, 0]
				},
				"bodybase": {
					"position": [0, -22, 0]
				},
				"neck": {
					"position": [0, -22, 0]
				},
				"head": {
					"position": [0, -22, 0]
				},
				"tailright": {
					"position": [0, -22, 0]
				},
				"tailmid": {
					"position": [0, -22, 0]
				},
				"tailleft": {
					"position": [0, -22, 0]
				},
				"tailfarleft": {
					"position": [0, -22, 0]
				},
				"tailfarright": {
					"position": [0, -22, 0]
				},
				"tailmid2": {
					"position": [0, -22, 0]
				}
			}
		},
		"animation.frosty_ostrich.walking": {
			"loop": true,
			"animation_length": 1.625,
			"bones": {
				"rightlegbotttom": {
					"rotation": {
						"0.0": [0, 0, 0],
						"0.625": [0, 0, 0],
						"0.875": [12.5, 0, 0],
						"1.125": [25, 0, 0],
						"1.375": [12.5, 0, 0],
						"1.625": [0, 0, 0]
					},
					"position": {
						"0.0": [0, 0, 0],
						"0.625": [0, 0, 0],
						"0.8333": [0, 0.46, -2.1],
						"0.875": [0, 0.5, -2.5],
						"1.125": [0, 2.75, -5.5],
						"1.2083": [0, 2.12, -4.68],
						"1.25": [0, 1.55, -4.31],
						"1.2917": [0, 1.36, -3.82],
						"1.3333": [0, 0.92, -3.43],
						"1.375": [0, 0.5, -3],
						"1.625": [0, 0, 0]
					}
				},
				"leftlegbottom": {
					"rotation": {
						"0.0": [0, 0, 0],
						"0.125": [12.5, 0, 0],
						"0.375": [25, 0, 0],
						"0.625": [12.5, 0, 0],
						"0.875": [0, 0, 0]
					},
					"position": {
						"0.0": [0, 0, 0],
						"0.0833": [0, 0.46, -2.1],
						"0.125": [0, 0.5, -2.5],
						"0.375": [0, 2.75, -5.5],
						"0.4583": [0, 2.12, -4.68],
						"0.5": [0, 1.55, -4.31],
						"0.5417": [0, 1.36, -3.82],
						"0.5833": [0, 0.92, -3.43],
						"0.625": [0, 0.5, -3],